sequential,100,1,{(-1.72; 1.2); (1.0; -1.2)},820
parallel,100,1,{(-1.72; 1.2); (1.0; -1.2)},2496
sequential,100,1,{(-0.7; 0.0); (0.3; -1.0)},532
parallel,100,1,{(-0.7; 0.0); (0.3; -1.0)},1717
sequential,100,1,{(-0.4; -0.5); (0.1; -1.0)},540
parallel,100,1,{(-0.4; -0.5); (0.1; -1.0)},1253
sequential,100,1,{(-0.4; -0.6); (-0.2; -0.8)},411
parallel,100,1,{(-0.4; -0.6); (-0.2; -0.8)},1453
sequential,100,1,{(-0.24; -0.64); (-0.26; -0.66)},486
parallel,100,1,{(-0.24; -0.64); (-0.26; -0.66)},1484
sequential,100,10,{(-1.72; 1.2); (1.0; -1.2)},728
parallel,100,10,{(-1.72; 1.2); (1.0; -1.2)},1659
sequential,100,10,{(-0.7; 0.0); (0.3; -1.0)},1448
parallel,100,10,{(-0.7; 0.0); (0.3; -1.0)},1370
sequential,100,10,{(-0.4; -0.5); (0.1; -1.0)},929
parallel,100,10,{(-0.4; -0.5); (0.1; -1.0)},979
sequential,100,10,{(-0.4; -0.6); (-0.2; -0.8)},1010
parallel,100,10,{(-0.4; -0.6); (-0.2; -0.8)},1069
sequential,100,10,{(-0.24; -0.64); (-0.26; -0.66)},1022
parallel,100,10,{(-0.24; -0.64); (-0.26; -0.66)},1115
sequential,100,30,{(-1.72; 1.2); (1.0; -1.2)},1212
parallel,100,30,{(-1.72; 1.2); (1.0; -1.2)},909
sequential,100,30,{(-0.7; 0.0); (0.3; -1.0)},1773
parallel,100,30,{(-0.7; 0.0); (0.3; -1.0)},1352
sequential,100,30,{(-0.4; -0.5); (0.1; -1.0)},1658
parallel,100,30,{(-0.4; -0.5); (0.1; -1.0)},1233
sequential,100,30,{(-0.4; -0.6); (-0.2; -0.8)},2362
parallel,100,30,{(-0.4; -0.6); (-0.2; -0.8)},1386
sequential,100,30,{(-0.24; -0.64); (-0.26; -0.66)},2147
parallel,100,30,{(-0.24; -0.64); (-0.26; -0.66)},1435
sequential,100,80,{(-1.72; 1.2); (1.0; -1.2)},1835
parallel,100,80,{(-1.72; 1.2); (1.0; -1.2)},1299
sequential,100,80,{(-0.7; 0.0); (0.3; -1.0)},5341
parallel,100,80,{(-0.7; 0.0); (0.3; -1.0)},2350
sequential,100,80,{(-0.4; -0.5); (0.1; -1.0)},2895
parallel,100,80,{(-0.4; -0.5); (0.1; -1.0)},1965
sequential,100,80,{(-0.4; -0.6); (-0.2; -0.8)},2443
parallel,100,80,{(-0.4; -0.6); (-0.2; -0.8)},1544
sequential,100,80,{(-0.24; -0.64); (-0.26; -0.66)},3832
parallel,100,80,{(-0.24; -0.64); (-0.26; -0.66)},2496
sequential,100,150,{(-1.72; 1.2); (1.0; -1.2)},2853
parallel,100,150,{(-1.72; 1.2); (1.0; -1.2)},1710
sequential,100,150,{(-0.7; 0.0); (0.3; -1.0)},7206
parallel,100,150,{(-0.7; 0.0); (0.3; -1.0)},4399
sequential,100,150,{(-0.4; -0.5); (0.1; -1.0)},5728
parallel,100,150,{(-0.4; -0.5); (0.1; -1.0)},3680
sequential,100,150,{(-0.4; -0.6); (-0.2; -0.8)},3637
parallel,100,150,{(-0.4; -0.6); (-0.2; -0.8)},2224
sequential,100,150,{(-0.24; -0.64); (-0.26; -0.66)},8345
parallel,100,150,{(-0.24; -0.64); (-0.26; -0.66)},3788
sequential,100,250,{(-1.72; 1.2); (1.0; -1.2)},5109
parallel,100,250,{(-1.72; 1.2); (1.0; -1.2)},3610
sequential,100,250,{(-0.7; 0.0); (0.3; -1.0)},12015
parallel,100,250,{(-0.7; 0.0); (0.3; -1.0)},7039
sequential,100,250,{(-0.4; -0.5); (0.1; -1.0)},16645
parallel,100,250,{(-0.4; -0.5); (0.1; -1.0)},5878
sequential,100,250,{(-0.4; -0.6); (-0.2; -0.8)},6156
parallel,100,250,{(-0.4; -0.6); (-0.2; -0.8)},5291
sequential,100,250,{(-0.24; -0.64); (-0.26; -0.66)},8455
parallel,100,250,{(-0.24; -0.64); (-0.26; -0.66)},4643
sequential,100,500,{(-1.72; 1.2); (1.0; -1.2)},9623
parallel,100,500,{(-1.72; 1.2); (1.0; -1.2)},6686
sequential,100,500,{(-0.7; 0.0); (0.3; -1.0)},32049
parallel,100,500,{(-0.7; 0.0); (0.3; -1.0)},14309
sequential,100,500,{(-0.4; -0.5); (0.1; -1.0)},16299
parallel,100,500,{(-0.4; -0.5); (0.1; -1.0)},13339
sequential,100,500,{(-0.4; -0.6); (-0.2; -0.8)},9903
parallel,100,500,{(-0.4; -0.6); (-0.2; -0.8)},6030
sequential,100,500,{(-0.24; -0.64); (-0.26; -0.66)},10763
parallel,100,500,{(-0.24; -0.64); (-0.26; -0.66)},7004
sequential,100,1000,{(-1.72; 1.2); (1.0; -1.2)},22738
parallel,100,1000,{(-1.72; 1.2); (1.0; -1.2)},12945
sequential,100,1000,{(-0.7; 0.0); (0.3; -1.0)},48827
parallel,100,1000,{(-0.7; 0.0); (0.3; -1.0)},30503
sequential,100,1000,{(-0.4; -0.5); (0.1; -1.0)},32037
parallel,100,1000,{(-0.4; -0.5); (0.1; -1.0)},22350
sequential,100,1000,{(-0.4; -0.6); (-0.2; -0.8)},17333
parallel,100,1000,{(-0.4; -0.6); (-0.2; -0.8)},10300
sequential,100,1000,{(-0.24; -0.64); (-0.26; -0.66)},15802
parallel,100,1000,{(-0.24; -0.64); (-0.26; -0.66)},9792
sequential,100,2000,{(-1.72; 1.2); (1.0; -1.2)},38020
parallel,100,2000,{(-1.72; 1.2); (1.0; -1.2)},22286
sequential,100,2000,{(-0.7; 0.0); (0.3; -1.0)},96707
parallel,100,2000,{(-0.7; 0.0); (0.3; -1.0)},60166
sequential,100,2000,{(-0.4; -0.5); (0.1; -1.0)},65437
parallel,100,2000,{(-0.4; -0.5); (0.1; -1.0)},41644
sequential,100,2000,{(-0.4; -0.6); (-0.2; -0.8)},33516
parallel,100,2000,{(-0.4; -0.6); (-0.2; -0.8)},20248
sequential,100,2000,{(-0.24; -0.64); (-0.26; -0.66)},28511
parallel,100,2000,{(-0.24; -0.64); (-0.26; -0.66)},13483
sequential,100,8000,{(-1.72; 1.2); (1.0; -1.2)},140190
parallel,100,8000,{(-1.72; 1.2); (1.0; -1.2)},84725
sequential,100,8000,{(-0.7; 0.0); (0.3; -1.0)},391148
parallel,100,8000,{(-0.7; 0.0); (0.3; -1.0)},230835
sequential,100,8000,{(-0.4; -0.5); (0.1; -1.0)},244242
parallel,100,8000,{(-0.4; -0.5); (0.1; -1.0)},147753
sequential,100,8000,{(-0.4; -0.6); (-0.2; -0.8)},120470
parallel,100,8000,{(-0.4; -0.6); (-0.2; -0.8)},73000
sequential,100,8000,{(-0.24; -0.64); (-0.26; -0.66)},67184
parallel,100,8000,{(-0.24; -0.64); (-0.26; -0.66)},40803
sequential,200,1,{(-1.72; 1.2); (1.0; -1.2)},1372
parallel,200,1,{(-1.72; 1.2); (1.0; -1.2)},956
sequential,200,1,{(-0.7; 0.0); (0.3; -1.0)},1459
parallel,200,1,{(-0.7; 0.0); (0.3; -1.0)},1168
sequential,200,1,{(-0.4; -0.5); (0.1; -1.0)},2319
parallel,200,1,{(-0.4; -0.5); (0.1; -1.0)},924
sequential,200,1,{(-0.4; -0.6); (-0.2; -0.8)},1960
parallel,200,1,{(-0.4; -0.6); (-0.2; -0.8)},1086
sequential,200,1,{(-0.24; -0.64); (-0.26; -0.66)},1423
parallel,200,1,{(-0.24; -0.64); (-0.26; -0.66)},1325
sequential,200,10,{(-1.72; 1.2); (1.0; -1.2)},4335
parallel,200,10,{(-1.72; 1.2); (1.0; -1.2)},1671
sequential,200,10,{(-0.7; 0.0); (0.3; -1.0)},3514
parallel,200,10,{(-0.7; 0.0); (0.3; -1.0)},2128
sequential,200,10,{(-0.4; -0.5); (0.1; -1.0)},3540
parallel,200,10,{(-0.4; -0.5); (0.1; -1.0)},1995
sequential,200,10,{(-0.4; -0.6); (-0.2; -0.8)},3601
parallel,200,10,{(-0.4; -0.6); (-0.2; -0.8)},2044
sequential,200,10,{(-0.24; -0.64); (-0.26; -0.66)},3770
parallel,200,10,{(-0.24; -0.64); (-0.26; -0.66)},2085
sequential,200,30,{(-1.72; 1.2); (1.0; -1.2)},4116
parallel,200,30,{(-1.72; 1.2); (1.0; -1.2)},2467
sequential,200,30,{(-0.7; 0.0); (0.3; -1.0)},7907
parallel,200,30,{(-0.7; 0.0); (0.3; -1.0)},4594
sequential,200,30,{(-0.4; -0.5); (0.1; -1.0)},7525
parallel,200,30,{(-0.4; -0.5); (0.1; -1.0)},4166
sequential,200,30,{(-0.4; -0.6); (-0.2; -0.8)},7109
parallel,200,30,{(-0.4; -0.6); (-0.2; -0.8)},4122
sequential,200,30,{(-0.24; -0.64); (-0.26; -0.66)},10428
parallel,200,30,{(-0.24; -0.64); (-0.26; -0.66)},6041
sequential,200,80,{(-1.72; 1.2); (1.0; -1.2)},8184
parallel,200,80,{(-1.72; 1.2); (1.0; -1.2)},4955
sequential,200,80,{(-0.7; 0.0); (0.3; -1.0)},21723
parallel,200,80,{(-0.7; 0.0); (0.3; -1.0)},10572
sequential,200,80,{(-0.4; -0.5); (0.1; -1.0)},17608
parallel,200,80,{(-0.4; -0.5); (0.1; -1.0)},7884
sequential,200,80,{(-0.4; -0.6); (-0.2; -0.8)},11740
parallel,200,80,{(-0.4; -0.6); (-0.2; -0.8)},6864
sequential,200,80,{(-0.24; -0.64); (-0.26; -0.66)},17976
parallel,200,80,{(-0.24; -0.64); (-0.26; -0.66)},10257
sequential,200,150,{(-1.72; 1.2); (1.0; -1.2)},12951
parallel,200,150,{(-1.72; 1.2); (1.0; -1.2)},7979
sequential,200,150,{(-0.7; 0.0); (0.3; -1.0)},36877
parallel,200,150,{(-0.7; 0.0); (0.3; -1.0)},18460
sequential,200,150,{(-0.4; -0.5); (0.1; -1.0)},27680
parallel,200,150,{(-0.4; -0.5); (0.1; -1.0)},13011
sequential,200,150,{(-0.4; -0.6); (-0.2; -0.8)},16806
parallel,200,150,{(-0.4; -0.6); (-0.2; -0.8)},9604
sequential,200,150,{(-0.24; -0.64); (-0.26; -0.66)},25777
parallel,200,150,{(-0.24; -0.64); (-0.26; -0.66)},15112
sequential,200,250,{(-1.72; 1.2); (1.0; -1.2)},20457
parallel,200,250,{(-1.72; 1.2); (1.0; -1.2)},12046
sequential,200,250,{(-0.7; 0.0); (0.3; -1.0)},49646
parallel,200,250,{(-0.7; 0.0); (0.3; -1.0)},31111
sequential,200,250,{(-0.4; -0.5); (0.1; -1.0)},35109
parallel,200,250,{(-0.4; -0.5); (0.1; -1.0)},20417
sequential,200,250,{(-0.4; -0.6); (-0.2; -0.8)},23068
parallel,200,250,{(-0.4; -0.6); (-0.2; -0.8)},12775
sequential,200,250,{(-0.24; -0.64); (-0.26; -0.66)},32831
parallel,200,250,{(-0.24; -0.64); (-0.26; -0.66)},18599
sequential,200,500,{(-1.72; 1.2); (1.0; -1.2)},40662
parallel,200,500,{(-1.72; 1.2); (1.0; -1.2)},22827
sequential,200,500,{(-0.7; 0.0); (0.3; -1.0)},96784
parallel,200,500,{(-0.7; 0.0); (0.3; -1.0)},62752
sequential,200,500,{(-0.4; -0.5); (0.1; -1.0)},68269
parallel,200,500,{(-0.4; -0.5); (0.1; -1.0)},39344
sequential,200,500,{(-0.4; -0.6); (-0.2; -0.8)},41318
parallel,200,500,{(-0.4; -0.6); (-0.2; -0.8)},22849
sequential,200,500,{(-0.24; -0.64); (-0.26; -0.66)},44438
parallel,200,500,{(-0.24; -0.64); (-0.26; -0.66)},26086
sequential,200,1000,{(-1.72; 1.2); (1.0; -1.2)},72647
parallel,200,1000,{(-1.72; 1.2); (1.0; -1.2)},42645
sequential,200,1000,{(-0.7; 0.0); (0.3; -1.0)},193749
parallel,200,1000,{(-0.7; 0.0); (0.3; -1.0)},123438
sequential,200,1000,{(-0.4; -0.5); (0.1; -1.0)},128143
parallel,200,1000,{(-0.4; -0.5); (0.1; -1.0)},75007
sequential,200,1000,{(-0.4; -0.6); (-0.2; -0.8)},68428
parallel,200,1000,{(-0.4; -0.6); (-0.2; -0.8)},40221
sequential,200,1000,{(-0.24; -0.64); (-0.26; -0.66)},65802
parallel,200,1000,{(-0.24; -0.64); (-0.26; -0.66)},35732
sequential,200,2000,{(-1.72; 1.2); (1.0; -1.2)},143569
parallel,200,2000,{(-1.72; 1.2); (1.0; -1.2)},85464
sequential,200,2000,{(-0.7; 0.0); (0.3; -1.0)},377532
parallel,200,2000,{(-0.7; 0.0); (0.3; -1.0)},230301
sequential,200,2000,{(-0.4; -0.5); (0.1; -1.0)},246552
parallel,200,2000,{(-0.4; -0.5); (0.1; -1.0)},150768
sequential,200,2000,{(-0.4; -0.6); (-0.2; -0.8)},126081
parallel,200,2000,{(-0.4; -0.6); (-0.2; -0.8)},76187
sequential,200,2000,{(-0.24; -0.64); (-0.26; -0.66)},90436
parallel,200,2000,{(-0.24; -0.64); (-0.26; -0.66)},55172
sequential,200,8000,{(-1.72; 1.2); (1.0; -1.2)},565603
parallel,200,8000,{(-1.72; 1.2); (1.0; -1.2)},335146
sequential,200,8000,{(-0.7; 0.0); (0.3; -1.0)},1488070
parallel,200,8000,{(-0.7; 0.0); (0.3; -1.0)},916377
sequential,200,8000,{(-0.4; -0.5); (0.1; -1.0)},974850
parallel,200,8000,{(-0.4; -0.5); (0.1; -1.0)},575982
sequential,200,8000,{(-0.4; -0.6); (-0.2; -0.8)},480251
parallel,200,8000,{(-0.4; -0.6); (-0.2; -0.8)},287604
sequential,200,8000,{(-0.24; -0.64); (-0.26; -0.66)},265902
parallel,200,8000,{(-0.24; -0.64); (-0.26; -0.66)},159534
sequential,400,1,{(-1.72; 1.2); (1.0; -1.2)},5399
parallel,400,1,{(-1.72; 1.2); (1.0; -1.2)},3037
sequential,400,1,{(-0.7; 0.0); (0.3; -1.0)},8103
parallel,400,1,{(-0.7; 0.0); (0.3; -1.0)},3178
sequential,400,1,{(-0.4; -0.5); (0.1; -1.0)},8093
parallel,400,1,{(-0.4; -0.5); (0.1; -1.0)},3229
sequential,400,1,{(-0.4; -0.6); (-0.2; -0.8)},5351
parallel,400,1,{(-0.4; -0.6); (-0.2; -0.8)},3614
sequential,400,1,{(-0.24; -0.64); (-0.26; -0.66)},5517
parallel,400,1,{(-0.24; -0.64); (-0.26; -0.66)},3127
sequential,400,10,{(-1.72; 1.2); (1.0; -1.2)},13241
parallel,400,10,{(-1.72; 1.2); (1.0; -1.2)},7139
sequential,400,10,{(-0.7; 0.0); (0.3; -1.0)},15939
parallel,400,10,{(-0.7; 0.0); (0.3; -1.0)},8300
sequential,400,10,{(-0.4; -0.5); (0.1; -1.0)},20135
parallel,400,10,{(-0.4; -0.5); (0.1; -1.0)},9447
sequential,400,10,{(-0.4; -0.6); (-0.2; -0.8)},20451
parallel,400,10,{(-0.4; -0.6); (-0.2; -0.8)},10252
sequential,400,10,{(-0.24; -0.64); (-0.26; -0.66)},20499
parallel,400,10,{(-0.24; -0.64); (-0.26; -0.66)},9831
sequential,400,30,{(-1.72; 1.2); (1.0; -1.2)},23581
parallel,400,30,{(-1.72; 1.2); (1.0; -1.2)},10723
sequential,400,30,{(-0.7; 0.0); (0.3; -1.0)},36717
parallel,400,30,{(-0.7; 0.0); (0.3; -1.0)},18377
sequential,400,30,{(-0.4; -0.5); (0.1; -1.0)},31642
parallel,400,30,{(-0.4; -0.5); (0.1; -1.0)},16343
sequential,400,30,{(-0.4; -0.6); (-0.2; -0.8)},33445
parallel,400,30,{(-0.4; -0.6); (-0.2; -0.8)},16092
sequential,400,30,{(-0.24; -0.64); (-0.26; -0.66)},41501
parallel,400,30,{(-0.24; -0.64); (-0.26; -0.66)},23163
sequential,400,80,{(-1.72; 1.2); (1.0; -1.2)},34923
parallel,400,80,{(-1.72; 1.2); (1.0; -1.2)},19154
sequential,400,80,{(-0.7; 0.0); (0.3; -1.0)},77151
parallel,400,80,{(-0.7; 0.0); (0.3; -1.0)},40911
sequential,400,80,{(-0.4; -0.5); (0.1; -1.0)},60005
parallel,400,80,{(-0.4; -0.5); (0.1; -1.0)},32206
sequential,400,80,{(-0.4; -0.6); (-0.2; -0.8)},47935
parallel,400,80,{(-0.4; -0.6); (-0.2; -0.8)},26516
sequential,400,80,{(-0.24; -0.64); (-0.26; -0.66)},76510
parallel,400,80,{(-0.24; -0.64); (-0.26; -0.66)},42992
sequential,400,150,{(-1.72; 1.2); (1.0; -1.2)},55023
parallel,400,150,{(-1.72; 1.2); (1.0; -1.2)},33567
sequential,400,150,{(-0.7; 0.0); (0.3; -1.0)},128385
parallel,400,150,{(-0.7; 0.0); (0.3; -1.0)},73362
sequential,400,150,{(-0.4; -0.5); (0.1; -1.0)},94602
parallel,400,150,{(-0.4; -0.5); (0.1; -1.0)},54225
sequential,400,150,{(-0.4; -0.6); (-0.2; -0.8)},69542
parallel,400,150,{(-0.4; -0.6); (-0.2; -0.8)},50840
sequential,400,150,{(-0.24; -0.64); (-0.26; -0.66)},106241
parallel,400,150,{(-0.24; -0.64); (-0.26; -0.66)},59490
sequential,400,250,{(-1.72; 1.2); (1.0; -1.2)},87453
parallel,400,250,{(-1.72; 1.2); (1.0; -1.2)},48095
sequential,400,250,{(-0.7; 0.0); (0.3; -1.0)},205957
parallel,400,250,{(-0.7; 0.0); (0.3; -1.0)},121828
sequential,400,250,{(-0.4; -0.5); (0.1; -1.0)},144499
parallel,400,250,{(-0.4; -0.5); (0.1; -1.0)},85594
sequential,400,250,{(-0.4; -0.6); (-0.2; -0.8)},94451
parallel,400,250,{(-0.4; -0.6); (-0.2; -0.8)},55491
sequential,400,250,{(-0.24; -0.64); (-0.26; -0.66)},132861
parallel,400,250,{(-0.24; -0.64); (-0.26; -0.66)},75137
sequential,400,500,{(-1.72; 1.2); (1.0; -1.2)},155768
parallel,400,500,{(-1.72; 1.2); (1.0; -1.2)},91471
sequential,400,500,{(-0.7; 0.0); (0.3; -1.0)},386415
parallel,400,500,{(-0.7; 0.0); (0.3; -1.0)},231553
sequential,400,500,{(-0.4; -0.5); (0.1; -1.0)},265547
parallel,400,500,{(-0.4; -0.5); (0.1; -1.0)},155755
sequential,400,500,{(-0.4; -0.6); (-0.2; -0.8)},157140
parallel,400,500,{(-0.4; -0.6); (-0.2; -0.8)},93835
sequential,400,500,{(-0.24; -0.64); (-0.26; -0.66)},185555
parallel,400,500,{(-0.24; -0.64); (-0.26; -0.66)},103192
sequential,400,1000,{(-1.72; 1.2); (1.0; -1.2)},301104
parallel,400,1000,{(-1.72; 1.2); (1.0; -1.2)},176942
sequential,400,1000,{(-0.7; 0.0); (0.3; -1.0)},758088
parallel,400,1000,{(-0.7; 0.0); (0.3; -1.0)},455659
sequential,400,1000,{(-0.4; -0.5); (0.1; -1.0)},525140
parallel,400,1000,{(-0.4; -0.5); (0.1; -1.0)},302583
sequential,400,1000,{(-0.4; -0.6); (-0.2; -0.8)},279411
parallel,400,1000,{(-0.4; -0.6); (-0.2; -0.8)},166565
sequential,400,1000,{(-0.24; -0.64); (-0.26; -0.66)},247161
parallel,400,1000,{(-0.24; -0.64); (-0.26; -0.66)},141916
sequential,400,2000,{(-1.72; 1.2); (1.0; -1.2)},580863
parallel,400,2000,{(-1.72; 1.2); (1.0; -1.2)},349593
sequential,400,2000,{(-0.7; 0.0); (0.3; -1.0)},1500949
parallel,400,2000,{(-0.7; 0.0); (0.3; -1.0)},901311
sequential,400,2000,{(-0.4; -0.5); (0.1; -1.0)},991157
parallel,400,2000,{(-0.4; -0.5); (0.1; -1.0)},589017
sequential,400,2000,{(-0.4; -0.6); (-0.2; -0.8)},509008
parallel,400,2000,{(-0.4; -0.6); (-0.2; -0.8)},306118
sequential,400,2000,{(-0.24; -0.64); (-0.26; -0.66)},364185
parallel,400,2000,{(-0.24; -0.64); (-0.26; -0.66)},212851
sequential,400,8000,{(-1.72; 1.2); (1.0; -1.2)},2267127
parallel,400,8000,{(-1.72; 1.2); (1.0; -1.2)},1369506
sequential,400,8000,{(-0.7; 0.0); (0.3; -1.0)},5960420
parallel,400,8000,{(-0.7; 0.0); (0.3; -1.0)},3548720
sequential,400,8000,{(-0.4; -0.5); (0.1; -1.0)},3892612
parallel,400,8000,{(-0.4; -0.5); (0.1; -1.0)},2337518
sequential,400,8000,{(-0.4; -0.6); (-0.2; -0.8)},1902420
parallel,400,8000,{(-0.4; -0.6); (-0.2; -0.8)},1152795
sequential,400,8000,{(-0.24; -0.64); (-0.26; -0.66)},1074462
parallel,400,8000,{(-0.24; -0.64); (-0.26; -0.66)},639818
sequential,800,1,{(-1.72; 1.2); (1.0; -1.2)},24844
parallel,800,1,{(-1.72; 1.2); (1.0; -1.2)},19596
sequential,800,1,{(-0.7; 0.0); (0.3; -1.0)},21691
parallel,800,1,{(-0.7; 0.0); (0.3; -1.0)},11651
sequential,800,1,{(-0.4; -0.5); (0.1; -1.0)},22095
parallel,800,1,{(-0.4; -0.5); (0.1; -1.0)},11179
sequential,800,1,{(-0.4; -0.6); (-0.2; -0.8)},25616
parallel,800,1,{(-0.4; -0.6); (-0.2; -0.8)},11520
sequential,800,1,{(-0.24; -0.64); (-0.26; -0.66)},21802
parallel,800,1,{(-0.24; -0.64); (-0.26; -0.66)},11645
sequential,800,10,{(-1.72; 1.2); (1.0; -1.2)},46229
parallel,800,10,{(-1.72; 1.2); (1.0; -1.2)},22282
sequential,800,10,{(-0.7; 0.0); (0.3; -1.0)},59466
parallel,800,10,{(-0.7; 0.0); (0.3; -1.0)},31291
sequential,800,10,{(-0.4; -0.5); (0.1; -1.0)},59134
parallel,800,10,{(-0.4; -0.5); (0.1; -1.0)},30780
sequential,800,10,{(-0.4; -0.6); (-0.2; -0.8)},61051
parallel,800,10,{(-0.4; -0.6); (-0.2; -0.8)},31184
sequential,800,10,{(-0.24; -0.64); (-0.26; -0.66)},67173
parallel,800,10,{(-0.24; -0.64); (-0.26; -0.66)},32649
sequential,800,30,{(-1.72; 1.2); (1.0; -1.2)},68936
parallel,800,30,{(-1.72; 1.2); (1.0; -1.2)},35275
sequential,800,30,{(-0.7; 0.0); (0.3; -1.0)},116727
parallel,800,30,{(-0.7; 0.0); (0.3; -1.0)},63616
sequential,800,30,{(-0.4; -0.5); (0.1; -1.0)},106521
parallel,800,30,{(-0.4; -0.5); (0.1; -1.0)},56734
sequential,800,30,{(-0.4; -0.6); (-0.2; -0.8)},104923
parallel,800,30,{(-0.4; -0.6); (-0.2; -0.8)},56873
sequential,800,30,{(-0.24; -0.64); (-0.26; -0.66)},138824
parallel,800,30,{(-0.24; -0.64); (-0.26; -0.66)},79865
sequential,800,80,{(-1.72; 1.2); (1.0; -1.2)},125896
parallel,800,80,{(-1.72; 1.2); (1.0; -1.2)},68415
sequential,800,80,{(-0.7; 0.0); (0.3; -1.0)},252624
parallel,800,80,{(-0.7; 0.0); (0.3; -1.0)},142581
sequential,800,80,{(-0.4; -0.5); (0.1; -1.0)},201495
parallel,800,80,{(-0.4; -0.5); (0.1; -1.0)},113169
sequential,800,80,{(-0.4; -0.6); (-0.2; -0.8)},169018
parallel,800,80,{(-0.4; -0.6); (-0.2; -0.8)},90052
sequential,800,80,{(-0.24; -0.64); (-0.26; -0.66)},264578
parallel,800,80,{(-0.24; -0.64); (-0.26; -0.66)},142600
sequential,800,150,{(-1.72; 1.2); (1.0; -1.2)},191621
parallel,800,150,{(-1.72; 1.2); (1.0; -1.2)},106143
sequential,800,150,{(-0.7; 0.0); (0.3; -1.0)},425365
parallel,800,150,{(-0.7; 0.0); (0.3; -1.0)},239795
sequential,800,150,{(-0.4; -0.5); (0.1; -1.0)},318737
parallel,800,150,{(-0.4; -0.5); (0.1; -1.0)},183807
sequential,800,150,{(-0.4; -0.6); (-0.2; -0.8)},236799
parallel,800,150,{(-0.4; -0.6); (-0.2; -0.8)},132060
sequential,800,150,{(-0.24; -0.64); (-0.26; -0.66)},364701
parallel,800,150,{(-0.24; -0.64); (-0.26; -0.66)},222020
sequential,800,250,{(-1.72; 1.2); (1.0; -1.2)},287396
parallel,800,250,{(-1.72; 1.2); (1.0; -1.2)},159301
sequential,800,250,{(-0.7; 0.0); (0.3; -1.0)},678868
parallel,800,250,{(-0.7; 0.0); (0.3; -1.0)},382548
sequential,800,250,{(-0.4; -0.5); (0.1; -1.0)},489694
parallel,800,250,{(-0.4; -0.5); (0.1; -1.0)},277262
sequential,800,250,{(-0.4; -0.6); (-0.2; -0.8)},321116
parallel,800,250,{(-0.4; -0.6); (-0.2; -0.8)},206495
sequential,800,250,{(-0.24; -0.64); (-0.26; -0.66)},459800
parallel,800,250,{(-0.24; -0.64); (-0.26; -0.66)},247723
sequential,800,500,{(-1.72; 1.2); (1.0; -1.2)},530662
parallel,800,500,{(-1.72; 1.2); (1.0; -1.2)},297499
sequential,800,500,{(-0.7; 0.0); (0.3; -1.0)},1303391
parallel,800,500,{(-0.7; 0.0); (0.3; -1.0)},740914
sequential,800,500,{(-0.4; -0.5); (0.1; -1.0)},899390
parallel,800,500,{(-0.4; -0.5); (0.1; -1.0)},516584
sequential,800,500,{(-0.4; -0.6); (-0.2; -0.8)},529434
parallel,800,500,{(-0.4; -0.6); (-0.2; -0.8)},294150
sequential,800,500,{(-0.24; -0.64); (-0.26; -0.66)},603553
parallel,800,500,{(-0.24; -0.64); (-0.26; -0.66)},337310
sequential,800,1000,{(-1.72; 1.2); (1.0; -1.2)},1011361
parallel,800,1000,{(-1.72; 1.2); (1.0; -1.2)},565349
sequential,800,1000,{(-0.7; 0.0); (0.3; -1.0)},2566914
parallel,800,1000,{(-0.7; 0.0); (0.3; -1.0)},1461724
sequential,800,1000,{(-0.4; -0.5); (0.1; -1.0)},1724517
parallel,800,1000,{(-0.4; -0.5); (0.1; -1.0)},979896
sequential,800,1000,{(-0.4; -0.6); (-0.2; -0.8)},930931
parallel,800,1000,{(-0.4; -0.6); (-0.2; -0.8)},535237
sequential,800,1000,{(-0.24; -0.64); (-0.26; -0.66)},833396
parallel,800,1000,{(-0.24; -0.64); (-0.26; -0.66)},473619
sequential,800,2000,{(-1.72; 1.2); (1.0; -1.2)},1959053
parallel,800,2000,{(-1.72; 1.2); (1.0; -1.2)},1121581
sequential,800,2000,{(-0.7; 0.0); (0.3; -1.0)},5057371
parallel,800,2000,{(-0.7; 0.0); (0.3; -1.0)},2927017
sequential,800,2000,{(-0.4; -0.5); (0.1; -1.0)},3365991
parallel,800,2000,{(-0.4; -0.5); (0.1; -1.0)},1923936
sequential,800,2000,{(-0.4; -0.6); (-0.2; -0.8)},1720133
parallel,800,2000,{(-0.4; -0.6); (-0.2; -0.8)},982680
sequential,800,2000,{(-0.24; -0.64); (-0.26; -0.66)},1247713
parallel,800,2000,{(-0.24; -0.64); (-0.26; -0.66)},716387
sequential,800,8000,{(-1.72; 1.2); (1.0; -1.2)},7655355
parallel,800,8000,{(-1.72; 1.2); (1.0; -1.2)},4378724
sequential,800,8000,{(-0.7; 0.0); (0.3; -1.0)},20097146
parallel,800,8000,{(-0.7; 0.0); (0.3; -1.0)},11528575
sequential,800,8000,{(-0.4; -0.5); (0.1; -1.0)},13126336
parallel,800,8000,{(-0.4; -0.5); (0.1; -1.0)},7515855
sequential,800,8000,{(-0.4; -0.6); (-0.2; -0.8)},6472528
parallel,800,8000,{(-0.4; -0.6); (-0.2; -0.8)},3683862
sequential,800,8000,{(-0.24; -0.64); (-0.26; -0.66)},3604021
parallel,800,8000,{(-0.24; -0.64); (-0.26; -0.66)},2064800
sequential,1200,1,{(-1.72; 1.2); (1.0; -1.2)},55435
parallel,1200,1,{(-1.72; 1.2); (1.0; -1.2)},25146
sequential,1200,1,{(-0.7; 0.0); (0.3; -1.0)},51370
parallel,1200,1,{(-0.7; 0.0); (0.3; -1.0)},27144
sequential,1200,1,{(-0.4; -0.5); (0.1; -1.0)},52612
parallel,1200,1,{(-0.4; -0.5); (0.1; -1.0)},26810
sequential,1200,1,{(-0.4; -0.6); (-0.2; -0.8)},51235
parallel,1200,1,{(-0.4; -0.6); (-0.2; -0.8)},23579
sequential,1200,1,{(-0.24; -0.64); (-0.26; -0.66)},51183
parallel,1200,1,{(-0.24; -0.64); (-0.26; -0.66)},26772
sequential,1200,10,{(-1.72; 1.2); (1.0; -1.2)},110901
parallel,1200,10,{(-1.72; 1.2); (1.0; -1.2)},57085
sequential,1200,10,{(-0.7; 0.0); (0.3; -1.0)},136407
parallel,1200,10,{(-0.7; 0.0); (0.3; -1.0)},72252
sequential,1200,10,{(-0.4; -0.5); (0.1; -1.0)},139263
parallel,1200,10,{(-0.4; -0.5); (0.1; -1.0)},80309
sequential,1200,10,{(-0.4; -0.6); (-0.2; -0.8)},146816
parallel,1200,10,{(-0.4; -0.6); (-0.2; -0.8)},80687
sequential,1200,10,{(-0.24; -0.64); (-0.26; -0.66)},145660
parallel,1200,10,{(-0.24; -0.64); (-0.26; -0.66)},79049
sequential,1200,30,{(-1.72; 1.2); (1.0; -1.2)},164213
parallel,1200,30,{(-1.72; 1.2); (1.0; -1.2)},84858
sequential,1200,30,{(-0.7; 0.0); (0.3; -1.0)},267882
parallel,1200,30,{(-0.7; 0.0); (0.3; -1.0)},153107
sequential,1200,30,{(-0.4; -0.5); (0.1; -1.0)},244322
parallel,1200,30,{(-0.4; -0.5); (0.1; -1.0)},136354
sequential,1200,30,{(-0.4; -0.6); (-0.2; -0.8)},232582
parallel,1200,30,{(-0.4; -0.6); (-0.2; -0.8)},128174
sequential,1200,30,{(-0.24; -0.64); (-0.26; -0.66)},324485
parallel,1200,30,{(-0.24; -0.64); (-0.26; -0.66)},181266
sequential,1200,80,{(-1.72; 1.2); (1.0; -1.2)},281438
parallel,1200,80,{(-1.72; 1.2); (1.0; -1.2)},157049
sequential,1200,80,{(-0.7; 0.0); (0.3; -1.0)},570172
parallel,1200,80,{(-0.7; 0.0); (0.3; -1.0)},320397
sequential,1200,80,{(-0.4; -0.5); (0.1; -1.0)},460473
parallel,1200,80,{(-0.4; -0.5); (0.1; -1.0)},263585
sequential,1200,80,{(-0.4; -0.6); (-0.2; -0.8)},376013
parallel,1200,80,{(-0.4; -0.6); (-0.2; -0.8)},214925
sequential,1200,80,{(-0.24; -0.64); (-0.26; -0.66)},589268
parallel,1200,80,{(-0.24; -0.64); (-0.26; -0.66)},326310
sequential,1200,150,{(-1.72; 1.2); (1.0; -1.2)},435267
parallel,1200,150,{(-1.72; 1.2); (1.0; -1.2)},249991
sequential,1200,150,{(-0.7; 0.0); (0.3; -1.0)},969713
parallel,1200,150,{(-0.7; 0.0); (0.3; -1.0)},546294
sequential,1200,150,{(-0.4; -0.5); (0.1; -1.0)},716857
parallel,1200,150,{(-0.4; -0.5); (0.1; -1.0)},399511
sequential,1200,150,{(-0.4; -0.6); (-0.2; -0.8)},528669
parallel,1200,150,{(-0.4; -0.6); (-0.2; -0.8)},291326
sequential,1200,150,{(-0.24; -0.64); (-0.26; -0.66)},827504
parallel,1200,150,{(-0.24; -0.64); (-0.26; -0.66)},454920
sequential,1200,250,{(-1.72; 1.2); (1.0; -1.2)},650963
parallel,1200,250,{(-1.72; 1.2); (1.0; -1.2)},361050
sequential,1200,250,{(-0.7; 0.0); (0.3; -1.0)},1528260
parallel,1200,250,{(-0.7; 0.0); (0.3; -1.0)},864983
sequential,1200,250,{(-0.4; -0.5); (0.1; -1.0)},1092944
parallel,1200,250,{(-0.4; -0.5); (0.1; -1.0)},637700
sequential,1200,250,{(-0.4; -0.6); (-0.2; -0.8)},737764
parallel,1200,250,{(-0.4; -0.6); (-0.2; -0.8)},417292
sequential,1200,250,{(-0.24; -0.64); (-0.26; -0.66)},1036642
parallel,1200,250,{(-0.24; -0.64); (-0.26; -0.66)},602488
sequential,1200,500,{(-1.72; 1.2); (1.0; -1.2)},1183040
parallel,1200,500,{(-1.72; 1.2); (1.0; -1.2)},699190
sequential,1200,500,{(-0.7; 0.0); (0.3; -1.0)},2961965
parallel,1200,500,{(-0.7; 0.0); (0.3; -1.0)},1689914
sequential,1200,500,{(-0.4; -0.5); (0.1; -1.0)},2033220
parallel,1200,500,{(-0.4; -0.5); (0.1; -1.0)},1154246
sequential,1200,500,{(-0.4; -0.6); (-0.2; -0.8)},1200171
parallel,1200,500,{(-0.4; -0.6); (-0.2; -0.8)},691906
sequential,1200,500,{(-0.24; -0.64); (-0.26; -0.66)},1366380
parallel,1200,500,{(-0.24; -0.64); (-0.26; -0.66)},757386
sequential,1200,1000,{(-1.72; 1.2); (1.0; -1.2)},2267388
parallel,1200,1000,{(-1.72; 1.2); (1.0; -1.2)},1296747
sequential,1200,1000,{(-0.7; 0.0); (0.3; -1.0)},5873906
parallel,1200,1000,{(-0.7; 0.0); (0.3; -1.0)},3710626
sequential,1200,1000,{(-0.4; -0.5); (0.1; -1.0)},3910523
parallel,1200,1000,{(-0.4; -0.5); (0.1; -1.0)},2198956
sequential,1200,1000,{(-0.4; -0.6); (-0.2; -0.8)},2104101
parallel,1200,1000,{(-0.4; -0.6); (-0.2; -0.8)},1190504
sequential,1200,1000,{(-0.24; -0.64); (-0.26; -0.66)},1891446
parallel,1200,1000,{(-0.24; -0.64); (-0.26; -0.66)},1037213
sequential,1200,2000,{(-1.72; 1.2); (1.0; -1.2)},4414352
parallel,1200,2000,{(-1.72; 1.2); (1.0; -1.2)},2542905
sequential,1200,2000,{(-0.7; 0.0); (0.3; -1.0)},11497917
parallel,1200,2000,{(-0.7; 0.0); (0.3; -1.0)},6544632
sequential,1200,2000,{(-0.4; -0.5); (0.1; -1.0)},7541493
parallel,1200,2000,{(-0.4; -0.5); (0.1; -1.0)},4365621
sequential,1200,2000,{(-0.4; -0.6); (-0.2; -0.8)},3866422
parallel,1200,2000,{(-0.4; -0.6); (-0.2; -0.8)},2198165
sequential,1200,2000,{(-0.24; -0.64); (-0.26; -0.66)},2783470
parallel,1200,2000,{(-0.24; -0.64); (-0.26; -0.66)},1579530
sequential,1200,8000,{(-1.72; 1.2); (1.0; -1.2)},17446656
parallel,1200,8000,{(-1.72; 1.2); (1.0; -1.2)},9796190
sequential,1200,8000,{(-0.7; 0.0); (0.3; -1.0)},45241833
parallel,1200,8000,{(-0.7; 0.0); (0.3; -1.0)},26021454
sequential,1200,8000,{(-0.4; -0.5); (0.1; -1.0)},29511843
parallel,1200,8000,{(-0.4; -0.5); (0.1; -1.0)},16999203
sequential,1200,8000,{(-0.4; -0.6); (-0.2; -0.8)},14379425
parallel,1200,8000,{(-0.4; -0.6); (-0.2; -0.8)},8211444
sequential,1200,8000,{(-0.24; -0.64); (-0.26; -0.66)},8105470
parallel,1200,8000,{(-0.24; -0.64); (-0.26; -0.66)},4591661
sequential,1600,1,{(-1.72; 1.2); (1.0; -1.2)},98454
parallel,1600,1,{(-1.72; 1.2); (1.0; -1.2)},57334
sequential,1600,1,{(-0.7; 0.0); (0.3; -1.0)},92723
parallel,1600,1,{(-0.7; 0.0); (0.3; -1.0)},44232
sequential,1600,1,{(-0.4; -0.5); (0.1; -1.0)},97184
parallel,1600,1,{(-0.4; -0.5); (0.1; -1.0)},45320
sequential,1600,1,{(-0.4; -0.6); (-0.2; -0.8)},94841
parallel,1600,1,{(-0.4; -0.6); (-0.2; -0.8)},58962
sequential,1600,1,{(-0.24; -0.64); (-0.26; -0.66)},92087
parallel,1600,1,{(-0.24; -0.64); (-0.26; -0.66)},47779
sequential,1600,10,{(-1.72; 1.2); (1.0; -1.2)},189677
parallel,1600,10,{(-1.72; 1.2); (1.0; -1.2)},101958
sequential,1600,10,{(-0.7; 0.0); (0.3; -1.0)},248084
parallel,1600,10,{(-0.7; 0.0); (0.3; -1.0)},133406
sequential,1600,10,{(-0.4; -0.5); (0.1; -1.0)},249134
parallel,1600,10,{(-0.4; -0.5); (0.1; -1.0)},138302
sequential,1600,10,{(-0.4; -0.6); (-0.2; -0.8)},258354
parallel,1600,10,{(-0.4; -0.6); (-0.2; -0.8)},148175
sequential,1600,10,{(-0.24; -0.64); (-0.26; -0.66)},264958
parallel,1600,10,{(-0.24; -0.64); (-0.26; -0.66)},142736
sequential,1600,30,{(-1.72; 1.2); (1.0; -1.2)},292533
parallel,1600,30,{(-1.72; 1.2); (1.0; -1.2)},159759
sequential,1600,30,{(-0.7; 0.0); (0.3; -1.0)},473566
parallel,1600,30,{(-0.7; 0.0); (0.3; -1.0)},269104
sequential,1600,30,{(-0.4; -0.5); (0.1; -1.0)},433201
parallel,1600,30,{(-0.4; -0.5); (0.1; -1.0)},236600
sequential,1600,30,{(-0.4; -0.6); (-0.2; -0.8)},418196
parallel,1600,30,{(-0.4; -0.6); (-0.2; -0.8)},228232
sequential,1600,30,{(-0.24; -0.64); (-0.26; -0.66)},569672
parallel,1600,30,{(-0.24; -0.64); (-0.26; -0.66)},318504
sequential,1600,80,{(-1.72; 1.2); (1.0; -1.2)},496386
parallel,1600,80,{(-1.72; 1.2); (1.0; -1.2)},283490
sequential,1600,80,{(-0.7; 0.0); (0.3; -1.0)},990851
parallel,1600,80,{(-0.7; 0.0); (0.3; -1.0)},562965
sequential,1600,80,{(-0.4; -0.5); (0.1; -1.0)},798066
parallel,1600,80,{(-0.4; -0.5); (0.1; -1.0)},452501
sequential,1600,80,{(-0.4; -0.6); (-0.2; -0.8)},668758
parallel,1600,80,{(-0.4; -0.6); (-0.2; -0.8)},362192
sequential,1600,80,{(-0.24; -0.64); (-0.26; -0.66)},1041682
parallel,1600,80,{(-0.24; -0.64); (-0.26; -0.66)},567072
sequential,1600,150,{(-1.72; 1.2); (1.0; -1.2)},770270
parallel,1600,150,{(-1.72; 1.2); (1.0; -1.2)},420912
sequential,1600,150,{(-0.7; 0.0); (0.3; -1.0)},1710654
parallel,1600,150,{(-0.7; 0.0); (0.3; -1.0)},1003140
sequential,1600,150,{(-0.4; -0.5); (0.1; -1.0)},1334336
parallel,1600,150,{(-0.4; -0.5); (0.1; -1.0)},725499
sequential,1600,150,{(-0.4; -0.6); (-0.2; -0.8)},937082
parallel,1600,150,{(-0.4; -0.6); (-0.2; -0.8)},528874
sequential,1600,150,{(-0.24; -0.64); (-0.26; -0.66)},1456691
parallel,1600,150,{(-0.24; -0.64); (-0.26; -0.66)},794823
sequential,1600,250,{(-1.72; 1.2); (1.0; -1.2)},1156979
parallel,1600,250,{(-1.72; 1.2); (1.0; -1.2)},642413
sequential,1600,250,{(-0.7; 0.0); (0.3; -1.0)},2720951
parallel,1600,250,{(-0.7; 0.0); (0.3; -1.0)},1522306
sequential,1600,250,{(-0.4; -0.5); (0.1; -1.0)},1938889
parallel,1600,250,{(-0.4; -0.5); (0.1; -1.0)},1086900
sequential,1600,250,{(-0.4; -0.6); (-0.2; -0.8)},1287303
parallel,1600,250,{(-0.4; -0.6); (-0.2; -0.8)},715504
sequential,1600,250,{(-0.24; -0.64); (-0.26; -0.66)},1811967
parallel,1600,250,{(-0.24; -0.64); (-0.26; -0.66)},1003192
sequential,1600,500,{(-1.72; 1.2); (1.0; -1.2)},2103019
parallel,1600,500,{(-1.72; 1.2); (1.0; -1.2)},1181227
sequential,1600,500,{(-0.7; 0.0); (0.3; -1.0)},5189632
parallel,1600,500,{(-0.7; 0.0); (0.3; -1.0)},2957377
sequential,1600,500,{(-0.4; -0.5); (0.1; -1.0)},3559493
parallel,1600,500,{(-0.4; -0.5); (0.1; -1.0)},2028857
sequential,1600,500,{(-0.4; -0.6); (-0.2; -0.8)},2108492
parallel,1600,500,{(-0.4; -0.6); (-0.2; -0.8)},1228202
sequential,1600,500,{(-0.24; -0.64); (-0.26; -0.66)},2403856
parallel,1600,500,{(-0.24; -0.64); (-0.26; -0.66)},1348587
sequential,1600,1000,{(-1.72; 1.2); (1.0; -1.2)},4004597
parallel,1600,1000,{(-1.72; 1.2); (1.0; -1.2)},2318017
sequential,1600,1000,{(-0.7; 0.0); (0.3; -1.0)},10219102
parallel,1600,1000,{(-0.7; 0.0); (0.3; -1.0)},6062965
sequential,1600,1000,{(-0.4; -0.5); (0.1; -1.0)},6795154
parallel,1600,1000,{(-0.4; -0.5); (0.1; -1.0)},3888247
sequential,1600,1000,{(-0.4; -0.6); (-0.2; -0.8)},3685332
parallel,1600,1000,{(-0.4; -0.6); (-0.2; -0.8)},2211968
sequential,1600,1000,{(-0.24; -0.64); (-0.26; -0.66)},3295920
parallel,1600,1000,{(-0.24; -0.64); (-0.26; -0.66)},1891344
sequential,1600,2000,{(-1.72; 1.2); (1.0; -1.2)},7756090
parallel,1600,2000,{(-1.72; 1.2); (1.0; -1.2)},4427143
sequential,1600,2000,{(-0.7; 0.0); (0.3; -1.0)},20034611
parallel,1600,2000,{(-0.7; 0.0); (0.3; -1.0)},11679437
sequential,1600,2000,{(-0.4; -0.5); (0.1; -1.0)},13233378
parallel,1600,2000,{(-0.4; -0.5); (0.1; -1.0)},7547129
sequential,1600,2000,{(-0.4; -0.6); (-0.2; -0.8)},6788989
parallel,1600,2000,{(-0.4; -0.6); (-0.2; -0.8)},3910036
sequential,1600,2000,{(-0.24; -0.64); (-0.26; -0.66)},4887262
parallel,1600,2000,{(-0.24; -0.64); (-0.26; -0.66)},2811224
sequential,1600,8000,{(-1.72; 1.2); (1.0; -1.2)},30345927
parallel,1600,8000,{(-1.72; 1.2); (1.0; -1.2)},17357748
sequential,1600,8000,{(-0.7; 0.0); (0.3; -1.0)},79490240
parallel,1600,8000,{(-0.7; 0.0); (0.3; -1.0)},46071100
sequential,1600,8000,{(-0.4; -0.5); (0.1; -1.0)},51822871
parallel,1600,8000,{(-0.4; -0.5); (0.1; -1.0)},29498123
sequential,1600,8000,{(-0.4; -0.6); (-0.2; -0.8)},25289844
parallel,1600,8000,{(-0.4; -0.6); (-0.2; -0.8)},14377819
sequential,1600,8000,{(-0.24; -0.64); (-0.26; -0.66)},14201949
parallel,1600,8000,{(-0.24; -0.64); (-0.26; -0.66)},8167993
sequential,2000,1,{(-1.72; 1.2); (1.0; -1.2)},155846
parallel,2000,1,{(-1.72; 1.2); (1.0; -1.2)},88486
sequential,2000,1,{(-0.7; 0.0); (0.3; -1.0)},147399
parallel,2000,1,{(-0.7; 0.0); (0.3; -1.0)},75259
sequential,2000,1,{(-0.4; -0.5); (0.1; -1.0)},145498
parallel,2000,1,{(-0.4; -0.5); (0.1; -1.0)},77407
sequential,2000,1,{(-0.4; -0.6); (-0.2; -0.8)},145389
parallel,2000,1,{(-0.4; -0.6); (-0.2; -0.8)},78362
sequential,2000,1,{(-0.24; -0.64); (-0.26; -0.66)},144376
parallel,2000,1,{(-0.24; -0.64); (-0.26; -0.66)},76434
sequential,2000,10,{(-1.72; 1.2); (1.0; -1.2)},290744
parallel,2000,10,{(-1.72; 1.2); (1.0; -1.2)},147135
sequential,2000,10,{(-0.7; 0.0); (0.3; -1.0)},384643
parallel,2000,10,{(-0.7; 0.0); (0.3; -1.0)},220549
sequential,2000,10,{(-0.4; -0.5); (0.1; -1.0)},374251
parallel,2000,10,{(-0.4; -0.5); (0.1; -1.0)},212728
sequential,2000,10,{(-0.4; -0.6); (-0.2; -0.8)},391926
parallel,2000,10,{(-0.4; -0.6); (-0.2; -0.8)},216458
sequential,2000,10,{(-0.24; -0.64); (-0.26; -0.66)},402058
parallel,2000,10,{(-0.24; -0.64); (-0.26; -0.66)},219577
sequential,2000,30,{(-1.72; 1.2); (1.0; -1.2)},446935
parallel,2000,30,{(-1.72; 1.2); (1.0; -1.2)},237838
sequential,2000,30,{(-0.7; 0.0); (0.3; -1.0)},726111
parallel,2000,30,{(-0.7; 0.0); (0.3; -1.0)},401258
sequential,2000,30,{(-0.4; -0.5); (0.1; -1.0)},661335
parallel,2000,30,{(-0.4; -0.5); (0.1; -1.0)},365110
sequential,2000,30,{(-0.4; -0.6); (-0.2; -0.8)},635017
parallel,2000,30,{(-0.4; -0.6); (-0.2; -0.8)},357794
sequential,2000,30,{(-0.24; -0.64); (-0.26; -0.66)},871351
parallel,2000,30,{(-0.24; -0.64); (-0.26; -0.66)},489009
sequential,2000,80,{(-1.72; 1.2); (1.0; -1.2)},756079
parallel,2000,80,{(-1.72; 1.2); (1.0; -1.2)},420455
sequential,2000,80,{(-0.7; 0.0); (0.3; -1.0)},1517963
parallel,2000,80,{(-0.7; 0.0); (0.3; -1.0)},884114
sequential,2000,80,{(-0.4; -0.5); (0.1; -1.0)},1214165
parallel,2000,80,{(-0.4; -0.5); (0.1; -1.0)},681654
sequential,2000,80,{(-0.4; -0.6); (-0.2; -0.8)},1021807
parallel,2000,80,{(-0.4; -0.6); (-0.2; -0.8)},567476
sequential,2000,80,{(-0.24; -0.64); (-0.26; -0.66)},1592434
parallel,2000,80,{(-0.24; -0.64); (-0.26; -0.66)},898481
sequential,2000,150,{(-1.72; 1.2); (1.0; -1.2)},1171981
parallel,2000,150,{(-1.72; 1.2); (1.0; -1.2)},691933
sequential,2000,150,{(-0.7; 0.0); (0.3; -1.0)},2603690
parallel,2000,150,{(-0.7; 0.0); (0.3; -1.0)},1479479
sequential,2000,150,{(-0.4; -0.5); (0.1; -1.0)},1949424
parallel,2000,150,{(-0.4; -0.5); (0.1; -1.0)},1093514
sequential,2000,150,{(-0.4; -0.6); (-0.2; -0.8)},1433153
parallel,2000,150,{(-0.4; -0.6); (-0.2; -0.8)},810270
sequential,2000,150,{(-0.24; -0.64); (-0.26; -0.66)},2195951
parallel,2000,150,{(-0.24; -0.64); (-0.26; -0.66)},1204807
sequential,2000,250,{(-1.72; 1.2); (1.0; -1.2)},1749418
parallel,2000,250,{(-1.72; 1.2); (1.0; -1.2)},992148
sequential,2000,250,{(-0.7; 0.0); (0.3; -1.0)},4135792
parallel,2000,250,{(-0.7; 0.0); (0.3; -1.0)},2358938
sequential,2000,250,{(-0.4; -0.5); (0.1; -1.0)},2944390
parallel,2000,250,{(-0.4; -0.5); (0.1; -1.0)},1723877
sequential,2000,250,{(-0.4; -0.6); (-0.2; -0.8)},1957932
parallel,2000,250,{(-0.4; -0.6); (-0.2; -0.8)},1091398
sequential,2000,250,{(-0.24; -0.64); (-0.26; -0.66)},2749895
parallel,2000,250,{(-0.24; -0.64); (-0.26; -0.66)},1531844
sequential,2000,500,{(-1.72; 1.2); (1.0; -1.2)},3196183
parallel,2000,500,{(-1.72; 1.2); (1.0; -1.2)},1813174
sequential,2000,500,{(-0.7; 0.0); (0.3; -1.0)},7927391
parallel,2000,500,{(-0.7; 0.0); (0.3; -1.0)},4536838
sequential,2000,500,{(-0.4; -0.5); (0.1; -1.0)},5444852
parallel,2000,500,{(-0.4; -0.5); (0.1; -1.0)},3103858
sequential,2000,500,{(-0.4; -0.6); (-0.2; -0.8)},3200949
parallel,2000,500,{(-0.4; -0.6); (-0.2; -0.8)},1813849
sequential,2000,500,{(-0.24; -0.64); (-0.26; -0.66)},3649866
parallel,2000,500,{(-0.24; -0.64); (-0.26; -0.66)},2096069
sequential,2000,1000,{(-1.72; 1.2); (1.0; -1.2)},6094927
parallel,2000,1000,{(-1.72; 1.2); (1.0; -1.2)},3471982
sequential,2000,1000,{(-0.7; 0.0); (0.3; -1.0)},15534887
parallel,2000,1000,{(-0.7; 0.0); (0.3; -1.0)},9214126
sequential,2000,1000,{(-0.4; -0.5); (0.1; -1.0)},10405287
parallel,2000,1000,{(-0.4; -0.5); (0.1; -1.0)},5933115
sequential,2000,1000,{(-0.4; -0.6); (-0.2; -0.8)},5641307
parallel,2000,1000,{(-0.4; -0.6); (-0.2; -0.8)},3223109
sequential,2000,1000,{(-0.24; -0.64); (-0.26; -0.66)},5016585
parallel,2000,1000,{(-0.24; -0.64); (-0.26; -0.66)},2810966
sequential,2000,2000,{(-1.72; 1.2); (1.0; -1.2)},11850936
parallel,2000,2000,{(-1.72; 1.2); (1.0; -1.2)},6722473
sequential,2000,2000,{(-0.7; 0.0); (0.3; -1.0)},30658556
parallel,2000,2000,{(-0.7; 0.0); (0.3; -1.0)},17697547
sequential,2000,2000,{(-0.4; -0.5); (0.1; -1.0)},20253218
parallel,2000,2000,{(-0.4; -0.5); (0.1; -1.0)},11848765
sequential,2000,2000,{(-0.4; -0.6); (-0.2; -0.8)},10368828
parallel,2000,2000,{(-0.4; -0.6); (-0.2; -0.8)},5928904
sequential,2000,2000,{(-0.24; -0.64); (-0.26; -0.66)},7480973
parallel,2000,2000,{(-0.24; -0.64); (-0.26; -0.66)},4219095
sequential,2000,8000,{(-1.72; 1.2); (1.0; -1.2)},46422612
parallel,2000,8000,{(-1.72; 1.2); (1.0; -1.2)},27225775
sequential,2000,8000,{(-0.7; 0.0); (0.3; -1.0)},121610973
parallel,2000,8000,{(-0.7; 0.0); (0.3; -1.0)},69550094
sequential,2000,8000,{(-0.4; -0.5); (0.1; -1.0)},79360244
parallel,2000,8000,{(-0.4; -0.5); (0.1; -1.0)},46652256
sequential,2000,8000,{(-0.4; -0.6); (-0.2; -0.8)},38595249
parallel,2000,8000,{(-0.4; -0.6); (-0.2; -0.8)},22005169
sequential,2000,8000,{(-0.24; -0.64); (-0.26; -0.66)},21761412
parallel,2000,8000,{(-0.24; -0.64); (-0.26; -0.66)},12365179
sequential,4000,1,{(-1.72; 1.2); (1.0; -1.2)},628194
parallel,4000,1,{(-1.72; 1.2); (1.0; -1.2)},330762
sequential,4000,1,{(-0.7; 0.0); (0.3; -1.0)},575139
parallel,4000,1,{(-0.7; 0.0); (0.3; -1.0)},292500
sequential,4000,1,{(-0.4; -0.5); (0.1; -1.0)},578001
parallel,4000,1,{(-0.4; -0.5); (0.1; -1.0)},341600
sequential,4000,1,{(-0.4; -0.6); (-0.2; -0.8)},573859
parallel,4000,1,{(-0.4; -0.6); (-0.2; -0.8)},338004
sequential,4000,1,{(-0.24; -0.64); (-0.26; -0.66)},572286
parallel,4000,1,{(-0.24; -0.64); (-0.26; -0.66)},346407
sequential,4000,10,{(-1.72; 1.2); (1.0; -1.2)},1156909
parallel,4000,10,{(-1.72; 1.2); (1.0; -1.2)},598436
sequential,4000,10,{(-0.7; 0.0); (0.3; -1.0)},1478022
parallel,4000,10,{(-0.7; 0.0); (0.3; -1.0)},781571
sequential,4000,10,{(-0.4; -0.5); (0.1; -1.0)},1483824
parallel,4000,10,{(-0.4; -0.5); (0.1; -1.0)},782085
sequential,4000,10,{(-0.4; -0.6); (-0.2; -0.8)},1522503
parallel,4000,10,{(-0.4; -0.6); (-0.2; -0.8)},802362
sequential,4000,10,{(-0.24; -0.64); (-0.26; -0.66)},1600573
parallel,4000,10,{(-0.24; -0.64); (-0.26; -0.66)},854152
sequential,4000,30,{(-1.72; 1.2); (1.0; -1.2)},1731251
parallel,4000,30,{(-1.72; 1.2); (1.0; -1.2)},925774
sequential,4000,30,{(-0.7; 0.0); (0.3; -1.0)},2820500
parallel,4000,30,{(-0.7; 0.0); (0.3; -1.0)},1574009
sequential,4000,30,{(-0.4; -0.5); (0.1; -1.0)},2570897
parallel,4000,30,{(-0.4; -0.5); (0.1; -1.0)},1448928
sequential,4000,30,{(-0.4; -0.6); (-0.2; -0.8)},2465566
parallel,4000,30,{(-0.4; -0.6); (-0.2; -0.8)},1369641
sequential,4000,30,{(-0.24; -0.64); (-0.26; -0.66)},3413420
parallel,4000,30,{(-0.24; -0.64); (-0.26; -0.66)},1914668
sequential,4000,80,{(-1.72; 1.2); (1.0; -1.2)},2955914
parallel,4000,80,{(-1.72; 1.2); (1.0; -1.2)},1634301
sequential,4000,80,{(-0.7; 0.0); (0.3; -1.0)},5970780
parallel,4000,80,{(-0.7; 0.0); (0.3; -1.0)},3361312
sequential,4000,80,{(-0.4; -0.5); (0.1; -1.0)},4750411
parallel,4000,80,{(-0.4; -0.5); (0.1; -1.0)},2662642
sequential,4000,80,{(-0.4; -0.6); (-0.2; -0.8)},3949273
parallel,4000,80,{(-0.4; -0.6); (-0.2; -0.8)},2176876
sequential,4000,80,{(-0.24; -0.64); (-0.26; -0.66)},6244931
parallel,4000,80,{(-0.24; -0.64); (-0.26; -0.66)},3490309
sequential,4000,150,{(-1.72; 1.2); (1.0; -1.2)},4616996
parallel,4000,150,{(-1.72; 1.2); (1.0; -1.2)},2584695
sequential,4000,150,{(-0.7; 0.0); (0.3; -1.0)},10159143
parallel,4000,150,{(-0.7; 0.0); (0.3; -1.0)},5782177
sequential,4000,150,{(-0.4; -0.5); (0.1; -1.0)},7572090
parallel,4000,150,{(-0.4; -0.5); (0.1; -1.0)},4260211
sequential,4000,150,{(-0.4; -0.6); (-0.2; -0.8)},5559588
parallel,4000,150,{(-0.4; -0.6); (-0.2; -0.8)},3160242
sequential,4000,150,{(-0.24; -0.64); (-0.26; -0.66)},8600177
parallel,4000,150,{(-0.24; -0.64); (-0.26; -0.66)},4836177
sequential,4000,250,{(-1.72; 1.2); (1.0; -1.2)},6901594
parallel,4000,250,{(-1.72; 1.2); (1.0; -1.2)},3942127
sequential,4000,250,{(-0.7; 0.0); (0.3; -1.0)},16302498
parallel,4000,250,{(-0.7; 0.0); (0.3; -1.0)},9689804
sequential,4000,250,{(-0.4; -0.5); (0.1; -1.0)},11632727
parallel,4000,250,{(-0.4; -0.5); (0.1; -1.0)},6589449
sequential,4000,250,{(-0.4; -0.6); (-0.2; -0.8)},7706161
parallel,4000,250,{(-0.4; -0.6); (-0.2; -0.8)},4370980
sequential,4000,250,{(-0.24; -0.64); (-0.26; -0.66)},10904657
parallel,4000,250,{(-0.24; -0.64); (-0.26; -0.66)},6182532
sequential,4000,500,{(-1.72; 1.2); (1.0; -1.2)},12618367
parallel,4000,500,{(-1.72; 1.2); (1.0; -1.2)},7286198
sequential,4000,500,{(-0.7; 0.0); (0.3; -1.0)},31329987
parallel,4000,500,{(-0.7; 0.0); (0.3; -1.0)},18614328
sequential,4000,500,{(-0.4; -0.5); (0.1; -1.0)},21470931
parallel,4000,500,{(-0.4; -0.5); (0.1; -1.0)},12364432
sequential,4000,500,{(-0.4; -0.6); (-0.2; -0.8)},12648109
parallel,4000,500,{(-0.4; -0.6); (-0.2; -0.8)},7216031
sequential,4000,500,{(-0.24; -0.64); (-0.26; -0.66)},14458826
parallel,4000,500,{(-0.24; -0.64); (-0.26; -0.66)},8111076
sequential,4000,1000,{(-1.72; 1.2); (1.0; -1.2)},24056633
parallel,4000,1000,{(-1.72; 1.2); (1.0; -1.2)},13701127
sequential,4000,1000,{(-0.7; 0.0); (0.3; -1.0)},61334562
parallel,4000,1000,{(-0.7; 0.0); (0.3; -1.0)},35271382
sequential,4000,1000,{(-0.4; -0.5); (0.1; -1.0)},41007605
parallel,4000,1000,{(-0.4; -0.5); (0.1; -1.0)},23723521
sequential,4000,1000,{(-0.4; -0.6); (-0.2; -0.8)},22155277
parallel,4000,1000,{(-0.4; -0.6); (-0.2; -0.8)},12759357
sequential,4000,1000,{(-0.24; -0.64); (-0.26; -0.66)},19809541
parallel,4000,1000,{(-0.24; -0.64); (-0.26; -0.66)},11313028
sequential,4000,2000,{(-1.72; 1.2); (1.0; -1.2)},46757686
parallel,4000,2000,{(-1.72; 1.2); (1.0; -1.2)},27027761
sequential,4000,2000,{(-0.7; 0.0); (0.3; -1.0)},124339686
parallel,4000,2000,{(-0.7; 0.0); (0.3; -1.0)},74215134
sequential,4000,2000,{(-0.4; -0.5); (0.1; -1.0)},85612545
parallel,4000,2000,{(-0.4; -0.5); (0.1; -1.0)},47171721
sequential,4000,2000,{(-0.4; -0.6); (-0.2; -0.8)},42873240
parallel,4000,2000,{(-0.4; -0.6); (-0.2; -0.8)},26758967
sequential,4000,2000,{(-0.24; -0.64); (-0.26; -0.66)},31549175
parallel,4000,2000,{(-0.24; -0.64); (-0.26; -0.66)},16994655
sequential,4000,8000,{(-1.72; 1.2); (1.0; -1.2)},185918558
parallel,4000,8000,{(-1.72; 1.2); (1.0; -1.2)},112342643
sequential,4000,8000,{(-0.7; 0.0); (0.3; -1.0)},490000964
parallel,4000,8000,{(-0.7; 0.0); (0.3; -1.0)},278072718
sequential,4000,8000,{(-0.4; -0.5); (0.1; -1.0)},317096421
parallel,4000,8000,{(-0.4; -0.5); (0.1; -1.0)},188030670
sequential,4000,8000,{(-0.4; -0.6); (-0.2; -0.8)},158012491
parallel,4000,8000,{(-0.4; -0.6); (-0.2; -0.8)},88549427
sequential,4000,8000,{(-0.24; -0.64); (-0.26; -0.66)},86391792
parallel,4000,8000,{(-0.24; -0.64); (-0.26; -0.66)},51663159
sequential,10000,1,{(-1.72; 1.2); (1.0; -1.2)},4452899
parallel,10000,1,{(-1.72; 1.2); (1.0; -1.2)},2527631
sequential,10000,1,{(-0.7; 0.0); (0.3; -1.0)},3761675
parallel,10000,1,{(-0.7; 0.0); (0.3; -1.0)},2163727
sequential,10000,1,{(-0.4; -0.5); (0.1; -1.0)},3930487
parallel,10000,1,{(-0.4; -0.5); (0.1; -1.0)},2150188
sequential,10000,1,{(-0.4; -0.6); (-0.2; -0.8)},3863185
parallel,10000,1,{(-0.4; -0.6); (-0.2; -0.8)},2138660
sequential,10000,1,{(-0.24; -0.64); (-0.26; -0.66)},3949505
parallel,10000,1,{(-0.24; -0.64); (-0.26; -0.66)},2199545
sequential,10000,10,{(-1.72; 1.2); (1.0; -1.2)},7565053
parallel,10000,10,{(-1.72; 1.2); (1.0; -1.2)},4232950
sequential,10000,10,{(-0.7; 0.0); (0.3; -1.0)},9792232
parallel,10000,10,{(-0.7; 0.0); (0.3; -1.0)},5537388
sequential,10000,10,{(-0.4; -0.5); (0.1; -1.0)},9860511
parallel,10000,10,{(-0.4; -0.5); (0.1; -1.0)},5296191
sequential,10000,10,{(-0.4; -0.6); (-0.2; -0.8)},10517407
parallel,10000,10,{(-0.4; -0.6); (-0.2; -0.8)},6173352
sequential,10000,10,{(-0.24; -0.64); (-0.26; -0.66)},10532699
parallel,10000,10,{(-0.24; -0.64); (-0.26; -0.66)},5878585
sequential,10000,30,{(-1.72; 1.2); (1.0; -1.2)},11052064
parallel,10000,30,{(-1.72; 1.2); (1.0; -1.2)},6338855
sequential,10000,30,{(-0.7; 0.0); (0.3; -1.0)},18282346
parallel,10000,30,{(-0.7; 0.0); (0.3; -1.0)},10812793
sequential,10000,30,{(-0.4; -0.5); (0.1; -1.0)},17075166
parallel,10000,30,{(-0.4; -0.5); (0.1; -1.0)},10066348
sequential,10000,30,{(-0.4; -0.6); (-0.2; -0.8)},16895132
parallel,10000,30,{(-0.4; -0.6); (-0.2; -0.8)},9347203
sequential,10000,30,{(-0.24; -0.64); (-0.26; -0.66)},23177605
parallel,10000,30,{(-0.24; -0.64); (-0.26; -0.66)},13195721
sequential,10000,80,{(-1.72; 1.2); (1.0; -1.2)},18943694
parallel,10000,80,{(-1.72; 1.2); (1.0; -1.2)},10831407
sequential,10000,80,{(-0.7; 0.0); (0.3; -1.0)},39098633
parallel,10000,80,{(-0.7; 0.0); (0.3; -1.0)},21808215
sequential,10000,80,{(-0.4; -0.5); (0.1; -1.0)},30278473
parallel,10000,80,{(-0.4; -0.5); (0.1; -1.0)},17083032
sequential,10000,80,{(-0.4; -0.6); (-0.2; -0.8)},25175366
parallel,10000,80,{(-0.4; -0.6); (-0.2; -0.8)},13921014
sequential,10000,80,{(-0.24; -0.64); (-0.26; -0.66)},40582387
parallel,10000,80,{(-0.24; -0.64); (-0.26; -0.66)},22548458
sequential,10000,150,{(-1.72; 1.2); (1.0; -1.2)},31153511
parallel,10000,150,{(-1.72; 1.2); (1.0; -1.2)},17255546
sequential,10000,150,{(-0.7; 0.0); (0.3; -1.0)},64822629
parallel,10000,150,{(-0.7; 0.0); (0.3; -1.0)},37298289
sequential,10000,150,{(-0.4; -0.5); (0.1; -1.0)},48663632
parallel,10000,150,{(-0.4; -0.5); (0.1; -1.0)},27518394
sequential,10000,150,{(-0.4; -0.6); (-0.2; -0.8)},36134621
parallel,10000,150,{(-0.4; -0.6); (-0.2; -0.8)},21356652
sequential,10000,150,{(-0.24; -0.64); (-0.26; -0.66)},55698360
parallel,10000,150,{(-0.24; -0.64); (-0.26; -0.66)},31232356
sequential,10000,250,{(-1.72; 1.2); (1.0; -1.2)},43184551
parallel,10000,250,{(-1.72; 1.2); (1.0; -1.2)},24048229
sequential,10000,250,{(-0.7; 0.0); (0.3; -1.0)},99858361
parallel,10000,250,{(-0.7; 0.0); (0.3; -1.0)},56806272
sequential,10000,250,{(-0.4; -0.5); (0.1; -1.0)},71493367
parallel,10000,250,{(-0.4; -0.5); (0.1; -1.0)},41135932
sequential,10000,250,{(-0.4; -0.6); (-0.2; -0.8)},47377720
parallel,10000,250,{(-0.4; -0.6); (-0.2; -0.8)},26923005
sequential,10000,250,{(-0.24; -0.64); (-0.26; -0.66)},66679868
parallel,10000,250,{(-0.24; -0.64); (-0.26; -0.66)},37409013
sequential,10000,500,{(-1.72; 1.2); (1.0; -1.2)},77338453
parallel,10000,500,{(-1.72; 1.2); (1.0; -1.2)},43940131
sequential,10000,500,{(-0.7; 0.0); (0.3; -1.0)},191621369
parallel,10000,500,{(-0.7; 0.0); (0.3; -1.0)},109467797
sequential,10000,500,{(-0.4; -0.5); (0.1; -1.0)},131193726
parallel,10000,500,{(-0.4; -0.5); (0.1; -1.0)},75853234
sequential,10000,500,{(-0.4; -0.6); (-0.2; -0.8)},77369684
parallel,10000,500,{(-0.4; -0.6); (-0.2; -0.8)},45283820
sequential,10000,500,{(-0.24; -0.64); (-0.26; -0.66)},88458403
parallel,10000,500,{(-0.24; -0.64); (-0.26; -0.66)},50318564
sequential,10000,1000,{(-1.72; 1.2); (1.0; -1.2)},146987058
parallel,10000,1000,{(-1.72; 1.2); (1.0; -1.2)},84051930
sequential,10000,1000,{(-0.7; 0.0); (0.3; -1.0)},374633862
parallel,10000,1000,{(-0.7; 0.0); (0.3; -1.0)},215270277
sequential,10000,1000,{(-0.4; -0.5); (0.1; -1.0)},250659421
parallel,10000,1000,{(-0.4; -0.5); (0.1; -1.0)},143395061
sequential,10000,1000,{(-0.4; -0.6); (-0.2; -0.8)},135762454
parallel,10000,1000,{(-0.4; -0.6); (-0.2; -0.8)},77406468
sequential,10000,1000,{(-0.24; -0.64); (-0.26; -0.66)},120972966
parallel,10000,1000,{(-0.24; -0.64); (-0.26; -0.66)},68859121
sequential,10000,2000,{(-1.72; 1.2); (1.0; -1.2)},285874810
parallel,10000,2000,{(-1.72; 1.2); (1.0; -1.2)},164000575
sequential,10000,2000,{(-0.7; 0.0); (0.3; -1.0)},741025868
parallel,10000,2000,{(-0.7; 0.0); (0.3; -1.0)},424340245
sequential,10000,2000,{(-0.4; -0.5); (0.1; -1.0)},488563989
parallel,10000,2000,{(-0.4; -0.5); (0.1; -1.0)},279396123
sequential,10000,2000,{(-0.4; -0.6); (-0.2; -0.8)},249862346
parallel,10000,2000,{(-0.4; -0.6); (-0.2; -0.8)},142852483
sequential,10000,2000,{(-0.24; -0.64); (-0.26; -0.66)},180393908
parallel,10000,2000,{(-0.24; -0.64); (-0.26; -0.66)},102501672
sequential,10000,8000,{(-1.72; 1.2); (1.0; -1.2)},1118689199
parallel,10000,8000,{(-1.72; 1.2); (1.0; -1.2)},645846233
sequential,10000,8000,{(-0.7; 0.0); (0.3; -1.0)},2924771695
parallel,10000,8000,{(-0.7; 0.0); (0.3; -1.0)},1695470984
sequential,10000,8000,{(-0.4; -0.5); (0.1; -1.0)},1906338189
parallel,10000,8000,{(-0.4; -0.5); (0.1; -1.0)},1095438477
sequential,10000,8000,{(-0.4; -0.6); (-0.2; -0.8)},926287827
parallel,10000,8000,{(-0.4; -0.6); (-0.2; -0.8)},536885456
sequential,10000,8000,{(-0.24; -0.64); (-0.26; -0.66)},522245345
parallel,10000,8000,{(-0.24; -0.64); (-0.26; -0.66)},299972903